spot_id,tx,ty,tr,position
1,80,128,25,J1
2,136,130,25,I1
3,194,130,25,H1
4,278,130,25,G1
5,334,130,25,F1
6,390,130,25,E1
7,446,130,25,D1
8,636,130,25,A1
9,80,188,25,J2
10,188,188,25,H2
11,276,188,25,G2
12,332,188,25,F2
13,392,188,25,E2
14,444,188,25,D2
15,638,188,25,A2
16,138,192,25,I2
17,84,244,25,J3
18,140,244,25,I3
19,192,244,25,H3
20,280,244,25,G3
21,336,244,25,F3
22,392,244,25,E3
23,446,244,25,D3
24,526,244,25,C3
25,582,244,25,B3
26,638,244,25,A3
27,80,300,25,J4
28,140,300,25,I4
29,192,300,25,H4
30,280,300,25,G4
31,392,300,25,E4
32,444,300,25,D4
33,586,300,25,B4
34,638,300,25,A4
35,334,302,25,F4
36,530,302,25,C4
37,192,370,25,H5
38,80,372,25,J5
39,136,372,25,I5
40,276,372,25,G5
41,332,372,25,F5
42,388,372,25,E5
43,444,372,25,D5
44,524,372,25,C5
45,578,372,25,B5
46,634,372,25,A5
47,80,430,25,J6
48,136,430,25,I6
49,192,430,25,H6
50,276,430,25,G6
51,332,430,25,F6
52,388,430,25,E6
53,442,430,25,D6
54,524,430,25,C6
55,578,430,25,B6
56,634,430,25,A6
57,136,484,25,I7
58,80,486,25,J7
59,190,486,25,H7
60,276,486,25,G7
61,332,486,25,F7
62,386,486,25,E7
63,442,486,25,D7
64,524,486,25,C7
65,578,486,25,B7
66,634,486,25,A7
67,138,540,25,I8
68,192,540,25,H8
69,276,540,25,G8
70,332,540,25,F8
71,444,540,25,D8
72,524,540,25,C8
73,578,540,25,B8
74,80,542,25,J8
75,388,542,25,E8
76,634,544,25,A8
77,72,622,25,J9
78,128,622,25,I9
79,184,622,25,H9
80,270,622,25,G9
81,326,622,25,F9
82,382,622,25,E9
83,438,622,25,D9
84,518,622,25,C9
85,574,622,25,B9
86,632,622,25,A9
87,74,680,25,J10
88,128,680,25,I10
89,184,680,25,H10
90,270,680,25,G10
91,326,680,25,F10
92,382,680,25,E10
93,438,680,25,D10
94,518,680,25,C10
95,574,680,25,B10
96,630,680,25,A10
97,72,736,25,J11
98,128,736,25,I11
99,184,736,25,H11
100,270,736,25,G11
101,326,736,25,F11
102,382,736,25,E11
103,438,736,25,D11
104,520,736,25,C11
105,574,736,25,B11
106,632,736,25,A11
107,576,790,25,B12
108,72,792,25,J12
109,128,792,25,I12
110,184,792,25,H12
111,270,792,25,G12
112,326,792,25,F12
113,382,792,25,E12
114,438,792,25,D12
115,520,792,25,C12
116,630,792,25,A12
117,180,862,25,H13
118,264,862,25,G13
119,378,862,25,E13
120,68,864,25,J13
121,124,864,25,I13
122,322,864,25,F13
123,434,864,25,D13
124,516,864,25,C13
125,572,864,25,B13
126,628,864,25,A13
127,68,920,25,J14
128,180,920,25,H14
129,124,922,25,I14
130,266,922,25,G14
131,322,922,25,F14
132,378,922,25,E14
133,434,922,25,D14
134,516,922,25,C14
135,572,922,25,B14
136,628,922,25,A14
137,434,976,25,D15
138,628,976,25,A15
139,68,978,25,J15
140,124,978,25,I15
141,180,978,25,H15
142,266,978,25,G15
143,322,978,25,F15
144,378,978,25,E15
145,516,978,25,C15
146,572,978,25,B15
147,180,1032,25,H16
148,266,1032,25,G16
149,322,1032,25,F16
150,378,1032,25,E16
151,434,1032,25,D16
152,516,1032,25,C16
153,68,1034,25,J16
154,124,1034,25,I16
155,572,1036,25,B16
156,628,1036,25,A16
157,78,1114,25,J17
158,132,1114,25,I17
159,186,1114,25,H17
160,274,1114,25,G17
161,388,1114,25,E17
162,444,1114,25,D17
163,530,1114,25,C17
164,580,1114,25,B17
165,638,1114,25,A17
166,332,1116,25,F17
167,76,1172,25,J18
168,134,1172,25,I18
169,190,1172,25,H18
170,274,1172,25,G18
171,332,1172,25,F18
172,388,1172,25,E18
173,582,1172,25,B18
174,444,1174,25,D18
175,526,1174,25,C18
176,78,1228,25,J19
177,134,1228,25,I19
178,276,1228,25,G19
179,388,1228,25,E19
180,444,1228,25,D19
181,526,1228,25,C19
182,638,1228,25,A19
183,190,1230,25,H19
184,332,1230,25,F19
185,582,1230,25,B19
186,134,1282,25,I20
187,388,1282,25,E20
188,76,1284,25,J20
189,188,1284,25,H20
190,444,1284,25,D20
191,526,1284,25,C20
192,580,1284,25,B20
193,638,1284,25,A20
194,332,1286,25,F20
195,276,1288,25,G20
196,66,1356,25,J21
197,174,1356,25,H21
198,268,1356,25,G21
199,120,1358,25,I21
200,320,1358,25,F21
201,378,1358,25,E21
202,434,1358,25,D21
203,516,1358,25,C21
204,572,1358,25,B21
205,628,1358,25,A21
206,64,1412,25,J22
207,122,1412,25,I22
208,178,1412,25,H22
209,264,1412,25,G22
210,320,1412,25,F22
211,376,1412,25,E22
212,516,1412,25,C22
213,572,1412,25,B22
214,434,1414,25,D22
215,628,1414,25,A22
216,64,1470,25,J23
217,178,1470,25,H23
218,264,1470,25,G23
219,320,1470,25,F23
220,378,1470,25,E23
221,432,1470,25,D23
222,628,1470,25,A23
223,66,1524,25,J24
224,178,1524,25,H24
225,264,1524,25,G24
226,320,1524,25,F24
227,378,1524,25,E24
228,434,1526,25,D24
229,628,1526,25,A24
230,638,1172,,A18
